<?xml version="1.0" encoding="UTF-8"?>
<!DOCTYPE hibernate-configuration PUBLIC
           "-//Hibernate/Hibernate Configuration DTD 3.0//EN"
           "http://www.hibernate.org/dtd/hibernate-configuration-3.0.dtd">

<hibernate-configuration>

	<session-factory>

		<!-- JDBC Database connection settings -->
		<property name="connection.driver_class">com.mysql.jdbc.Driver</property>
		<property name="connection.url">jdbc:mysql://83.212.105.20:3306/it21575?useSSL=false</property>
		<property name="connection.username">it21575</property>
		<property name="connection.password">changeit</property>

		<!-- JDBC connection pool settings ... using built-in test pool -->
		<property name="connection.pool_size">10</property>

		<!-- Select our SQL dialect -->
		<property name="dialect">org.hibernate.dialect.MySQLDialect</property>

		<!-- Echo the SQL to stdout -->
		<property name="show_sql">true</property>

		<!-- Set the current session context -->
		<property name="current_session_context_class">thread</property>

		<!-- Set utf8 encoding -->
		<property name="hibernate.connection.CharSet">utf8</property>
		<property name="hibernate.connection.characterEncoding">utf8</property>
		<property name="hibernate.connection.useUnicode">true</property>

		<mapping class="my.intranet.InternalUser" />
		<mapping class="my.intranet.Employee" />
		<mapping class="my.intranet.Student" />
		<mapping class="my.intranet.Admin" />

	</session-factory>

</hibernate-configuration>